

INSERT INTO `user` (`id`, `name`, `email`, `password`, `nick`, `motto`, `avatar`, `score`, `createTime`, `lastUpdateTime`, `lastLoginTime`, `lastLoginIp`, `createdAt`, `updatedAt`) VALUES
(2, 'test1', 'test1@test.com', '$2a$10$QCjjRwFS0KHUekhkdS9A/e9JWPzrcqKg1cM2tApbrJdc89idqd2da', 'test1', NULL, NULL, 200, '2017-04-18 08:54:03', '2017-04-18 08:54:03', '2017-04-18 08:54:03', '1', '2017-04-18 08:54:03', '2017-04-18 08:54:03'),
(3, 'test2', 'test2@test.com', '$2a$10$cUrNHqdZ/Ea3xdjAIsz6vuFMi42ZCk3ffZR4GA8wSWOuDIBzchKqu', 'test2', NULL, NULL, 200, '2017-04-18 08:54:08', '2017-04-18 08:54:08', '2017-04-18 08:54:08', '1', '2017-04-18 08:54:08', '2017-04-18 08:54:08'),
(4, 'test3', 'test3@test.com', '$2a$10$B6o3lU4ESZwGyIlrKzqlwekYVjWR.tx0VWO.c/Jnh8v46ULvbPlzi', 'test3', NULL, NULL, 200, '2017-04-18 08:54:13', '2017-04-18 08:54:13', '2017-04-18 08:54:13', '1', '2017-04-18 08:54:13', '2017-04-18 08:54:13'),
(5, 'test4', 'test4@test.com', '$2a$10$EJJoSEYMkTnCCJoTWPfXS./nhK8PVEg3issCr/CYdJ7XmzxAHLvL.', 'test4', NULL, NULL, 200, '2017-04-18 08:54:17', '2017-04-18 08:54:17', '2017-04-18 08:54:17', '1', '2017-04-18 08:54:17', '2017-04-18 08:54:17'),
(6, 'test5', 'test5@test.com', '$2a$10$lxbs3FCHN5vouGsnG23.OeRCgkH0sSU7e7fjUnen3sPwHbsUBP6Pi', 'test5', NULL, NULL, 200, '2017-04-18 08:54:22', '2017-04-18 08:54:22', '2017-04-18 08:54:22', '1', '2017-04-18 08:54:22', '2017-04-18 08:54:22'),
(7, 'test6', 'test6@test.com', '$2a$10$9p2d7729hYOMpzrX5tgDZ.yzTBpivYtFCbeI4mf4D.u12e.i.s4f.', 'test6', NULL, NULL, 200, '2017-04-18 08:54:28', '2017-04-18 08:54:28', '2017-04-18 08:54:28', '1', '2017-04-18 08:54:28', '2017-04-18 08:54:28'),
(8, 'test7', 'test7@test.com', '$2a$10$A1ryJp8.CrryJJNhIKehIeAGkAmG6waUUigqIIZZlxtvL23X56lOK', 'test7', NULL, NULL, 200, '2017-04-18 08:54:32', '2017-04-18 08:54:32', '2017-04-18 08:54:32', '1', '2017-04-18 08:54:32', '2017-04-18 08:54:32'),
(9, 'test8', 'test8@test.com', '$2a$10$b16narVoFa.Vbcge0.baF.aZnRXC70X8ObtrR7eBBFAaZNEOMKohG', 'test8', NULL, NULL, 200, '2017-04-18 08:54:36', '2017-04-18 08:54:36', '2017-04-18 08:54:36', '1', '2017-04-18 08:54:36', '2017-04-18 08:54:36'),
(10, 'test9', 'test9@test.com', '$2a$10$7AqZ6Dx6VvR18WcSFOAi8.rwQiSGXxYnt9X5cklVqkTLf5EQGmXru', 'test9', NULL, NULL, 200, '2017-04-18 08:54:41', '2017-04-18 08:54:41', '2017-04-18 08:54:41', '1', '2017-04-18 08:54:41', '2017-04-18 08:54:41'),
(11, 'test10', 'test10@test.com', '$2a$10$jCGtIvKjfrztKU0nN5N13ObOz0ZYrO5uNrWaxDXaFsTGlvmSFksIe', 'test10', NULL, NULL, 200, '2017-04-18 08:54:45', '2017-04-18 08:54:45', '2017-04-18 08:54:45', '1', '2017-04-18 08:54:46', '2017-04-18 08:54:46'),
(12, 'test11', 'test11@test.com', '$2a$10$JyBy6Ho3smTaHNqyLYTuy.ItUIfTBBcKJgVxLrPtdYhXik2E8x9We', 'test11', NULL, NULL, 200, '2017-04-18 08:54:51', '2017-04-18 08:54:51', '2017-04-18 08:54:51', '1', '2017-04-18 08:54:51', '2017-04-18 08:54:51'),
(13, 'test12', 'test12@test.com', '$2a$10$HXO.ZpRHAOZqYKfnucy5IOfmverJuxppskxwQ9Frd9GN2w/Sj5uwG', 'test12', NULL, NULL, 200, '2017-04-18 08:54:56', '2017-04-18 08:54:56', '2017-04-18 08:54:56', '1', '2017-04-18 08:54:56', '2017-04-18 08:54:56'),
(14, 'test13', 'test13@test.com', '$2a$10$aUYJFxA4XOJa6OVR2LVDpOydnFHc1FwfFhFos12QdzF3LcEmv6d7.', 'test13', NULL, NULL, 200, '2017-04-18 08:55:02', '2017-04-18 08:55:02', '2017-04-18 08:55:02', '1', '2017-04-18 08:55:02', '2017-04-18 08:55:02'),
(15, 'test14', 'test14@test.com', '$2a$10$bKP78xMrz53zm2mfMkjSvOIjzsPNloSiz.0GpsPL7GmOSOi.3GEdu', 'test14', NULL, NULL, 200, '2017-04-18 08:55:08', '2017-04-18 08:55:08', '2017-04-18 08:55:08', '1', '2017-04-18 08:55:09', '2017-04-18 08:55:09'),
(16, 'test15', 'test15@test.com', '$2a$10$S7MB92cT7ImViQaoobNsIOsPCo0us5nYB43kVE7bjcZUYJEavGIx6', 'test15', NULL, NULL, 200, '2017-04-18 08:55:13', '2017-04-18 08:55:13', '2017-04-18 08:55:13', '1', '2017-04-18 08:55:13', '2017-04-18 08:55:13'),
(17, 'test16', 'test16@test.com', '$2a$10$.bvc5IE2UaCBlQlhSGpj6u04HwZ4uyWUsbiEQo38XNFzcpJMfTh.O', 'test16', NULL, NULL, 200, '2017-04-18 08:55:18', '2017-04-18 08:55:18', '2017-04-18 08:55:18', '1', '2017-04-18 08:55:18', '2017-04-18 08:55:18'),
(18, 'test17', 'test17@test.com', '$2a$10$cnB5uaRAt1WOHSr7M03tt..w/gfewHzyoBPuPNowteXs.3P4UZ9ja', 'test17', NULL, NULL, 200, '2017-04-18 08:55:22', '2017-04-18 08:55:22', '2017-04-18 08:55:22', '1', '2017-04-18 08:55:23', '2017-04-18 08:55:23'),
(19, 'test18', 'test18@test.com', '$2a$10$Hoyj6k8n0xisDpDSWlM8peJRpLIfAf2gYDTjlvIym0A99IwjdNLki', 'test18', NULL, NULL, 200, '2017-04-18 08:55:28', '2017-04-18 08:55:28', '2017-04-18 08:55:28', '1', '2017-04-18 08:55:29', '2017-04-18 08:55:29'),
(20, 'test19', 'test19@test.com', '$2a$10$XQYdwjfx7p5BI6KbW3WtAejp0FkWPe7mBLEoYxmrR73eyvsWZIgdG', 'test19', NULL, NULL, 200, '2017-04-18 08:55:33', '2017-04-18 08:55:33', '2017-04-18 08:55:33', '1', '2017-04-18 08:55:33', '2017-04-18 08:55:33'),
(21, 'test20', 'test20@test.com', '$2a$10$sxHhDppESIaJo/eN3U7Vk.jPxjxy7P.NjjGPG79Uxm1n9fYAVOEBe', 'test20', NULL, NULL, 200, '2017-04-18 08:55:39', '2017-04-18 08:55:39', '2017-04-18 08:55:39', '1', '2017-04-18 08:55:39', '2017-04-18 08:55:39'),
(22, 'test21', 'test21@test.com', '$2a$10$lTsPr05OwUzCCXaJ.juOxe7U488mdxHj0EQkHbxM1XC46i/d2TQxS', 'test21', NULL, NULL, 200, '2017-04-18 08:55:43', '2017-04-18 08:55:43', '2017-04-18 08:55:43', '1', '2017-04-18 08:55:44', '2017-04-18 08:55:44'),
(23, 'test22', 'test22@test.com', '$2a$10$H4BtogE4dEcBqDfLUKxKXOel7ifw4IBsqvq79uD7OkScDoq2PXsqm', 'test22', NULL, NULL, 200, '2017-04-18 08:55:48', '2017-04-18 08:55:48', '2017-04-18 08:55:48', '1', '2017-04-18 08:55:49', '2017-04-18 08:55:49');


INSERT INTO `sort` (`id`, `pid`, `title`, `description`, `createTime`, `createdAt`, `updatedAt`) VALUES
(1, 0, '游戏', '欢迎来到游戏分类', '2017-04-17 02:07:23', '2017-04-17 02:07:23', '2017-04-17 02:07:23'),
(2, 0, '编程', '欢迎来到编程分类', '2017-04-17 02:07:38', '2017-04-17 02:07:38', '2017-04-17 02:07:38'),
(3, 0, '交友', '欢迎来到交友分类', '2017-04-17 02:07:50', '2017-04-17 02:07:50', '2017-04-17 02:07:50'),
(4, 0, '美食', '欢迎来到美食分类', '2017-04-17 02:08:02', '2017-04-17 02:08:02', '2017-04-17 02:08:02'),
(5, 1, '网络游戏', '欢迎来到网络游戏分类', '2017-04-17 02:09:21', '2017-04-17 02:09:21', '2017-04-17 02:09:21'),
(6, 1, '单机游戏', '欢迎来到单机游戏分类', '2017-04-17 02:09:30', '2017-04-17 02:09:30', '2017-04-17 02:09:30'),
(7, 1, '手机游戏', '欢迎来到手机游戏分类', '2017-04-17 02:09:38', '2017-04-17 02:09:38', '2017-04-17 02:09:38'),
(8, 5, '英雄联盟', '欢迎来到英雄联盟分类', '2017-04-17 02:10:25', '2017-04-17 02:10:25', '2017-04-17 02:10:25'),
(9, 5, '穿越火线', '欢迎来到穿越火线分类', '2017-04-17 02:10:49', '2017-04-17 02:10:49', '2017-04-17 02:10:49'),
(10, 5, 'Dota', '欢迎来到Dota分类', '2017-04-17 02:11:19', '2017-04-17 02:11:19', '2017-04-17 02:11:19'),
(11, 6, '红色警戒', '欢迎来到红色警戒分类', '2017-04-17 02:13:13', '2017-04-17 02:13:13', '2017-04-17 02:13:13'),
(12, 6, '反恐精英', '欢迎来到反恐精英分类', '2017-04-17 02:13:32', '2017-04-17 02:13:32', '2017-04-17 02:13:32'),
(13, 6, '侠盗飞车', '欢迎来到侠盗飞车分类', '2017-04-17 02:14:12', '2017-04-17 02:14:12', '2017-04-17 02:14:12'),
(14, 7, '王者荣耀', '欢迎来到王者荣耀分类', '2017-04-17 02:14:35', '2017-04-17 02:14:35', '2017-04-17 02:14:35'),
(15, 7, '阴阳师', '欢迎来到阴阳师分类', '2017-04-17 02:14:51', '2017-04-17 02:14:51', '2017-04-17 02:14:51'),
(16, 7, '欢乐斗地主', '欢迎来到欢乐斗地主分类', '2017-04-17 05:27:09', '2017-04-17 05:27:09', '2017-04-17 05:27:09'),
(17, 7, '天天酷跑', '欢迎来到天天酷跑分类', '2017-04-17 05:27:33', '2017-04-17 05:27:33', '2017-04-17 05:27:33'),
(18, 7, '天天爱消除', '欢迎来到天天爱消除分类', '2017-04-17 05:27:50', '2017-04-17 05:27:50', '2017-04-17 05:27:50'),
(19, 7, '保卫萝卜', '欢迎来到保卫萝卜分类', '2017-04-17 05:28:42', '2017-04-17 05:28:42', '2017-04-17 05:28:42'),
(20, 7, '天天富翁', '欢迎来到天天富翁分类', '2017-04-17 05:29:04', '2017-04-17 05:29:04', '2017-04-17 05:29:04');


INSERT INTO `post` (`id`, `title`, `type`, `content`, `createTime`, `isModified`, `createdAt`, `updatedAt`, `sortId`, `userId`) VALUES
(1, '这个论坛真棒', 0, '这个论坛真是太棒了', '2017-04-17 10:43:17', 0, '2017-04-17 10:43:17', '2017-04-17 10:43:17', 8, 2),
(2, '这个论坛真棒', 0, '这个论坛真是太棒了', '2017-04-17 10:43:18', 0, '2017-04-17 10:43:18', '2017-04-17 10:43:18', 8, 2),
(3, '这个论坛真棒', 0, '这个论坛真是太棒了', '2017-04-17 10:43:19', 0, '2017-04-17 10:43:19', '2017-04-17 10:43:19', 8, 2),
(4, '这个论坛真棒', 0, '这个论坛真是太棒了', '2017-04-17 10:43:20', 0, '2017-04-17 10:43:20', '2017-04-17 10:43:20', 8, 2),
(5, '这个论坛真棒', 0, '这个论坛真是太棒了', '2017-04-17 10:43:20', 0, '2017-04-17 10:43:20', '2017-04-17 10:43:20', 8, 3),
(6, '这个论坛真棒', 0, '这个论坛真是太棒了', '2017-04-17 10:43:20', 0, '2017-04-17 10:43:20', '2017-04-17 10:43:20', 8, 4),
(7, '这个论坛真棒', 0, '这个论坛真是太棒了', '2017-04-17 10:43:20', 0, '2017-04-17 10:43:20', '2017-04-17 10:43:20', 8, 5),
(8, '这个论坛真棒', 0, '这个论坛真是太棒了', '2017-04-17 10:43:21', 0, '2017-04-17 10:43:21', '2017-04-17 10:43:21', 8, 5),
(9, '这个论坛真棒', 0, '这个论坛真是太棒了', '2017-04-17 10:43:21', 0, '2017-04-17 10:43:21', '2017-04-17 10:43:21', 8, 5),
(10, '这个论坛真棒', 0, '这个论坛真是太棒了', '2017-04-17 10:43:21', 0, '2017-04-17 10:43:21', '2017-04-17 10:43:21', 8, 5),
(11, '这个论坛真棒', 0, '这个论坛真是太棒了', '2017-04-17 10:43:24', 0, '2017-04-17 10:43:24', '2017-04-17 10:43:24', 8, 2),
(12, '这个论坛真棒', 0, '这个论坛真是太棒了', '2017-04-17 10:43:24', 0, '2017-04-17 10:43:24', '2017-04-17 10:43:24', 8, 2),
(13, '这个论坛真棒', 0, '这个论坛真是太棒了', '2017-04-17 10:43:25', 0, '2017-04-17 10:43:25', '2017-04-17 10:43:25', 8, 2),
(14, '这个论坛真棒', 0, '这个论坛真是太棒了', '2017-04-17 10:43:25', 0, '2017-04-17 10:43:25', '2017-04-17 10:43:25', 8, 2),
(15, '这个论坛真棒', 0, '这个论坛真是太棒了', '2017-04-17 10:43:25', 0, '2017-04-17 10:43:25', '2017-04-17 10:43:25', 8, 2),
(16, '这个论坛真棒', 0, '这个论坛真是太棒了', '2017-04-17 10:43:25', 0, '2017-04-17 10:43:25', '2017-04-17 10:43:25', 8, 2),
(17, '这个论坛真棒', 0, '这个论坛真是太棒了3', '2017-04-17 10:43:32', 0, '2017-04-17 10:43:32', '2017-04-17 10:43:32', 8, 3),
(18, '这个论坛真棒', 0, '这个论坛真是太棒了3', '2017-04-17 10:43:32', 0, '2017-04-17 10:43:32', '2017-04-17 10:43:32', 8, 3),
(19, '这个论坛真棒', 0, '这个论坛真是太棒了3', '2017-04-17 10:43:32', 0, '2017-04-17 10:43:32', '2017-04-17 10:43:32', 8, 3),
(20, '这个论坛真棒', 0, '这个论坛真是太棒了3', '2017-04-17 10:43:33', 0, '2017-04-17 10:43:33', '2017-04-17 10:43:33', 8, 3),
(21, '这个论坛真棒', 0, '这个论坛真是太棒了3', '2017-04-17 10:43:33', 0, '2017-04-17 10:43:33', '2017-04-17 10:43:33', 8, 3),
(22, '这个论坛真棒', 0, '这个论坛真是太棒了3', '2017-04-17 10:43:33', 0, '2017-04-17 10:43:33', '2017-04-17 10:43:33', 8, 3),
(23, '这个论坛真棒', 0, '这个论坛真是太棒了3', '2017-04-17 10:43:33', 0, '2017-04-17 10:43:33', '2017-04-17 10:43:33', 8, 3),
(24, '这个论坛真棒', 0, '这个论坛真是太棒了3', '2017-04-17 10:43:33', 0, '2017-04-17 10:43:33', '2017-04-17 10:43:33', 8, 3),
(25, '这个论坛真棒', 0, '这个论坛真是太棒了3', '2017-04-17 10:43:33', 0, '2017-04-17 10:43:33', '2017-04-17 10:43:33', 8, 3),
(26, '这个论坛真棒4', 0, '这个论坛真是太棒了3', '2017-04-17 10:43:41', 0, '2017-04-17 10:43:41', '2017-04-17 10:43:41', 8, 4),
(27, '这个论坛真棒4', 0, '这个论坛真是太棒了3', '2017-04-17 10:43:41', 0, '2017-04-17 10:43:41', '2017-04-17 10:43:41', 8, 4),
(28, '这个论坛真棒4', 0, '这个论坛真是太棒了3', '2017-04-17 10:43:41', 0, '2017-04-17 10:43:41', '2017-04-17 10:43:41', 8, 4),
(29, '这个论坛真棒4', 0, '这个论坛真是太棒了3', '2017-04-17 10:43:41', 0, '2017-04-17 10:43:41', '2017-04-17 10:43:41', 8, 4),
(30, '这个论坛真棒4', 0, '这个论坛真是太棒了3', '2017-04-17 10:43:41', 0, '2017-04-17 10:43:41', '2017-04-17 10:43:41', 8, 4),
(31, '这个论坛真棒4', 0, '这个论坛真是太棒了3', '2017-04-17 10:43:41', 0, '2017-04-17 10:43:41', '2017-04-17 10:43:41', 8, 4),
(32, '这个论坛真棒4', 0, '这个论坛真是太棒了3', '2017-04-17 10:43:42', 0, '2017-04-17 10:43:42', '2017-04-17 10:43:42', 8, 4),
(33, '这个论坛真棒4', 0, '这个论坛真是太棒了3', '2017-04-17 10:43:42', 0, '2017-04-17 10:43:42', '2017-04-17 10:43:42', 8, 4),
(34, '这个论坛真棒4', 0, '这个论坛真是太棒了3', '2017-04-17 10:43:42', 0, '2017-04-17 10:43:42', '2017-04-17 10:43:42', 8, 4),
(35, '这个论坛真棒4', 0, '这个论坛真是太棒了3', '2017-04-17 10:43:42', 0, '2017-04-17 10:43:42', '2017-04-17 10:43:42', 8, 4),
(36, '这个论坛真棒4', 0, '这个论坛真是太棒了3', '2017-04-17 10:43:42', 0, '2017-04-17 10:43:42', '2017-04-17 10:43:42', 8, 4),
(37, '这个论坛真棒4', 0, '这个论坛真是太棒了3', '2017-04-17 10:43:43', 0, '2017-04-17 10:43:43', '2017-04-17 10:43:43', 8, 4),
(38, '这个论坛真棒4', 0, '这个论坛真是太棒了3', '2017-04-17 10:43:43', 0, '2017-04-17 10:43:43', '2017-04-17 10:43:43', 8, 4),
(39, '这个论坛真棒4', 0, '这个论坛真是太棒了3', '2017-04-17 10:43:43', 0, '2017-04-17 10:43:43', '2017-04-17 10:43:43', 8, 4),
(40, '这个论坛真棒4', 0, '这个论坛真是太棒了3', '2017-04-17 10:43:43', 0, '2017-04-17 10:43:43', '2017-04-17 10:43:43', 8, 4),
(41, '这个论坛真棒4', 0, '这个论坛真是太棒了3', '2017-04-17 10:43:44', 0, '2017-04-17 10:43:44', '2017-04-17 10:43:44', 8, 4),
(42, '这个论坛真棒4', 0, '这个论坛真是太棒了3', '2017-04-17 10:43:44', 0, '2017-04-17 10:43:44', '2017-04-17 10:43:44', 8, 4),
(43, '这个论坛真棒4', 0, '这个论坛真是太棒了3', '2017-04-17 10:43:44', 0, '2017-04-17 10:43:44', '2017-04-17 10:43:44', 8, 4),
(44, '这个论坛真棒4', 0, '这个论坛真是太棒了3', '2017-04-17 10:43:45', 0, '2017-04-17 10:43:45', '2017-04-17 10:43:45', 8, 4),
(45, '这个论坛真棒4', 0, '这个论坛真是太棒了3', '2017-04-17 10:50:51', 0, '2017-04-17 10:50:51', '2017-04-17 10:50:51', 8, 4);


INSERT INTO `comment` (`id`, `pid`, `content`, `createTime`, `createdAt`, `updatedAt`, `postId`, `userId`) VALUES
(1, 0, '好文章啊', '2017-04-17 16:30:21', '2017-04-17 16:30:21', '2017-04-17 16:30:21', 1, 2),
(2, 0, '好文章啊1', '2017-04-17 16:30:26', '2017-04-17 16:30:26', '2017-04-17 16:30:26', 1, 2),
(3, 0, '好文章啊2', '2017-04-17 16:30:29', '2017-04-17 16:30:29', '2017-04-17 16:30:29', 1, 2),
(4, 0, '好文章啊3', '2017-04-17 16:30:32', '2017-04-17 16:30:32', '2017-04-17 16:30:32', 1, 2),
(5, 0, '好文章啊4', '2017-04-17 16:30:35', '2017-04-17 16:30:35', '2017-04-17 16:30:35', 1, 3),
(6, 0, '好文章啊5', '2017-04-17 16:30:37', '2017-04-17 16:30:37', '2017-04-17 16:30:37', 1, 3),
(7, 1, '好个毛', '2017-04-17 16:30:57', '2017-04-17 16:30:57', '2017-04-17 16:30:57', 1, 3),
(8, 1, '好个毛', '2017-04-17 16:31:02', '2017-04-17 16:31:02', '2017-04-17 16:31:02', 1, 3),
(9, 1, '好个毛', '2017-04-17 16:31:05', '2017-04-17 16:31:05', '2017-04-17 16:31:05', 1, 4),
(10, 1, '好个毛', '2017-04-17 16:31:08', '2017-04-17 16:31:08', '2017-04-17 16:31:08', 1, 5),
(11, 0, '好文章啊啊啊啊啊', '2017-04-17 16:31:25', '2017-04-17 16:31:25', '2017-04-17 16:31:25', 5, 2),
(12, 0, '好文章啊啊啊啊啊', '2017-04-17 16:31:32', '2017-04-17 16:31:32', '2017-04-17 16:31:32', 5, 3),
(13, 0, '好文章啊啊啊啊啊', '2017-04-17 16:31:36', '2017-04-17 16:31:36', '2017-04-17 16:31:36', 5, 4),
(14, 0, '好文章啊啊啊啊啊', '2017-04-17 16:31:38', '2017-04-17 16:31:38', '2017-04-17 16:31:38', 5, 5),
(15, 0, '好文章啊啊啊啊啊', '2017-04-17 16:31:40', '2017-04-17 16:31:40', '2017-04-17 16:31:40', 5, 6),
(16, 0, '好文章啊啊啊啊啊', '2017-04-17 16:31:44', '2017-04-17 16:31:44', '2017-04-17 16:31:44', 5, 7),
(17, 0, '好文章啊啊啊啊啊', '2017-04-17 16:31:44', '2017-04-17 16:31:44', '2017-04-17 16:31:44', 5, 8),
(18, 0, '好文章啊啊啊啊啊', '2017-04-17 16:31:44', '2017-04-17 16:31:44', '2017-04-17 16:31:44', 6, 6),
(19, 0, '好文章啊啊啊啊啊', '2017-04-17 16:31:44', '2017-04-17 16:31:44', '2017-04-17 16:31:44', 6, 6),
(20, 0, '好文章啊啊啊啊啊', '2017-04-17 16:31:45', '2017-04-17 16:31:45', '2017-04-17 16:31:45', 6, 6),
(21, 0, '好文章啊啊啊啊啊', '2017-04-17 16:31:45', '2017-04-17 16:31:45', '2017-04-17 16:31:45', 6, 6),
(22, 0, '好文章啊啊啊啊啊', '2017-04-17 16:31:45', '2017-04-17 16:31:45', '2017-04-17 16:31:45', 6, 6),
(23, 0, '好文章啊啊啊啊啊', '2017-04-17 16:31:45', '2017-04-17 16:31:45', '2017-04-17 16:31:45', 6, 6),
(24, 0, '好文章啊啊啊啊啊', '2017-04-17 16:31:46', '2017-04-17 16:31:46', '2017-04-17 16:31:46', 6, 6),
(25, 0, '好文章啊啊啊啊啊', '2017-04-17 16:31:46', '2017-04-17 16:31:46', '2017-04-17 16:31:46', 6, 6),
(26, 0, '好文章啊啊啊啊啊', '2017-04-17 16:31:46', '2017-04-17 16:31:46', '2017-04-17 16:31:46', 6, 6),
(27, 0, '好文章啊啊啊啊啊', '2017-04-17 16:31:46', '2017-04-17 16:31:46', '2017-04-17 16:31:46', 6, 6),
(28, 0, '好文章啊啊啊啊啊', '2017-04-17 16:31:46', '2017-04-17 16:31:46', '2017-04-17 16:31:46', 6, 6),
(29, 0, '好文章啊啊啊啊啊', '2017-04-17 16:31:46', '2017-04-17 16:31:46', '2017-04-17 16:31:46', 6, 6),
(30, 0, '好文章啊啊啊啊啊', '2017-04-17 16:31:47', '2017-04-17 16:31:47', '2017-04-17 16:31:47', 6, 6),
(31, 0, '好文章啊啊啊啊啊', '2017-04-17 16:31:47', '2017-04-17 16:31:47', '2017-04-17 16:31:47', 6, 6),
(32, 0, '好文章啊啊啊啊啊', '2017-04-17 16:31:47', '2017-04-17 16:31:47', '2017-04-17 16:31:47', 6, 6),
(33, 0, '好文章啊啊啊啊啊', '2017-04-17 16:44:31', '2017-04-17 16:44:31', '2017-04-17 16:44:31', 6, 6);

